{
  "guildID": "583728040211644427",
  "prefix": ".",
  "sunucuisim": "Risenium",
  "altbaslik": " Developed By Risen",
  "tag": "",
  "tagsiz": "",
  "yasakTaglar": [
    ""
  ],
  "root": "798955481276219392",
  "Owners": [
    "798955481276219392"
  ],
  "muteLimit": 3,
  "banLimit": 2,
  "jailLimit": 2,
  "kayitsizLimit": 2,
  "cmdLimit": 3,
  "Sure": 60,
  "userTime": 604800000,
  "durum": {
    "name": "discord.gg/risenium",
    "url": "https://www.twitch.tv/risennium",
    "type": "STREAMING"
  },
  "MongoURL": "mongodb+srv://Risen:ytv23mkn@cluster0.k6p6p.mongodb.net/discordbot1?retryWrites=true&w=majority",
  "sunucuUrl": "risenium"
}
