{
    "hata":"",
    "male": "",
    "female": "",
    "cmute": "",
    "vmute": "",
    "uncmute": "",
    "unvmute": "",
    "jail": "",
    "unjail": "",
    "ban": "",
    "unban": "",
    "warn": "",
    "online": "",
    "offline": "",
    "idle": "",
    "dnd": "",
    "nokta": "",
    "turnon": "",
    "turnoff": "",
    "hastag": "",
    "discord": "",
    "waiting": "",
    "power": "",
    "dikkat": "",
    "hype": "",
    "hype2": "",
    "onay": "",
    "mavionay": "",
    "kirmizionay": "",
    "iptal": "",
    "basarisiz": "",
    "bir": "1",
    "iki": "2",
    "uc": "3",
    "dort": "4",
    "bes": "5",
    "alti": "6",
    "yedi": "7",
    "sekiz": "8",
    "dokuz": "9",
    "sifir": "0"
}