{
  "guildID": "902266510276427856",
  "whiteList": [
    "863038204461842432",
    "",
    ""
  ],
  "cwhiteList": [
    "863038204461842432"
  ],
  "Bots": [
    "902263886940618823",
    "",
    "",
    "",
    "",
    "",
    "",
    "",
    "",
    ""
  ],
  "channelLog": "919641380375130162",
  "serverLog": "919641378378612796",
  "roleLog": "919641379481747456",
  "channelGuard": true,
  "serverGuard": true,
  "roleGuard": true,
  "yeniHesap": false,
  "yasakTag": false,
  "TagliAlim": false,
  "swearGuard": true,
  "capsGuard": true,
  "urlGuard": true
}